{
        "id": 166,
        "icon": "/e/icon.png",
        "description": "zimu",
        "isNew": 1,
        "name": "zimu",
        "nameEn": "zimu",
        "level": 1,
        "sort": 4,
        "pasterList": [{
        "id": 799,
            "fontId": 91,
            "icon": "/e/icon.png",
            "name": "e",
            "priority": 1,
            "sort": 6,
            "type": 6
    },
        {
            "id": 800,
            "fontId": 91,
            "icon": "/fakaixin/icon.png",
            "name": "fakaixin",
            "priority": 1,
            "sort": 2,
            "type": 6
        },
        {
            "id": 801,
            "fontId": 91,
            "icon": "/hahaha/icon.png",
            "name": "hahaha",
            "priority": 1,
            "sort": 3,
            "type": 6
        },
        {
            "id": 802,
            "fontId": 91,
            "icon": "/hehe/icon.png",
            "name": "hehe",
            "priority": 1,
            "sort": 4,
            "type": 6
        },
        {
            "id": 803,
            "fontId": 91,
            "icon": "/loveu/icon.png",
            "name": "loveu",
            "priority": 1,
            "sort": 5,
            "type": 6
        },
        {
            "id": 804,
            "fontId": 91,
            "icon": "/memeda/icon.png",
            "name": "memeda",
            "priority": 1,
            "sort": 1,
            "type": 6
        },
        {
            "id": 805,
            "fontId": 91,
            "icon": "/renxing/icon.png",
            "name": "renxing",
            "priority": 1,
            "sort": 7,
            "type": 6
        },
        {
            "id": 806,
            "fontId": 91,
            "icon": "/xingmingtiao/icon.png",
            "name": "xingmingtiao",
            "priority": 1,
            "sort": 8,
            "type": 6
        },
        {
            "id": 807,
            "fontId": 91,
            "icon": "/zan/icon.png",
            "name": "zan",
            "priority": 1,
            "sort": 9,
            "type": 6
        }
	]
    }