{
    "musicName": null,
    "name": "Fisheye",
    "animations": [
                   {
                   "frames": [
                              {
                              "a": 0.0,
                              "fx": 0.0,
                              "fw": 480.0,
                              "track": "a",
                              "h": 1.0,
                              "fh": 480.0,
                              "cy": 240.0,
                              "cx": 240.0,
                              "t": 0,
                              "w": 1.0,
                              "fy": 0.0,
                              "y": 240.0,
                              "x": 240.0
                              },
                              {
                              "a": 0.0,
                              "fx": 0.0,
                              "fw": 480.0,
                              "track": "a",
                              "h": 1.0,
                              "fh": 480.0,
                              "cy": 240.0,
                              "cx": 240.0,
                              "t": 449,
                              "w": 1.0,
                              "fy": 0.0,
                              "y": 240.0,
                              "x": 240.0
                              }
                              ],
                   "name": "main"
                   }
                   ], 
    "music": "music.mp3", 
    "effects": [
                {
                "src": "", 
                "range": "", 
                "video": "main", 
                "eid": 1
                }, 
                {
                "filterName": "Mosaic",
                "range": "", 
                "eid": 2, 
                "src": "1"
                }
                ], 
    "filters": [
                {
                "images": [
                ], 
                "fragment": "varying highp vec2 textureCoordinate;\n \n uniform sampler2D inputImageTexture;\n \n\n\n void main()\n {\n    highp float aspectRatio = 1.0;\n    highp vec2 center = vec2(0.5,0.5);\n    highp float radius = 0.25;\n    highp float scale = 0.6;\n\n    highp vec2 textureCoordinateToUse = vec2(textureCoordinate.x, ((textureCoordinate.y - center.y) * aspectRatio) + center.y);\n    highp float dist = distance(center, textureCoordinateToUse);\n    textureCoordinateToUse = textureCoordinate;\n    \n    if (dist < radius)\n    {\n        textureCoordinateToUse -= center;\n        highp float percent = 1.0 - ((radius - dist) / radius) * scale;\n        percent = percent * percent;\n        \n        textureCoordinateToUse = textureCoordinateToUse * percent;\n        textureCoordinateToUse += center;\n    }\n    \n    gl_FragColor = texture2D(inputImageTexture, textureCoordinateToUse );    \n }",
                "name": "BlackWhite"
                }
                ], 
    "time": [
             0
             ], 
    "icon": "icon.png", 
    "musicIcon": "icon_music.png"
}
