{
    "icon": "icon.png",
    "musicIcon": "icon_music.png",
    "width": 640,
    "musicName": "",
    "animations": [
                   {
                   "frames": [
                              {
                              "a": 0.0,
                              "fy": 0.0,
                              "fh": 480.0,
                              "track": "a",
                              "fx": 0.0,
                              "t": 0,
                              "x": 240.0,
                              "cx": 240.0,
                              "y": 240.0,
                              "h": 1.0,
                              "w": 1.0,
                              "cy": 240.0,
                              "fw": 480.0
                              },
                              {
                              "a": 0.0,
                              "fy": 0.0,
                              "fh": 480.0,
                              "track": "a",
                              "fx": 0.0,
                              "t": 449,
                              "x": 240.0,
                              "cx": 240.0,
                              "y": 240.0,
                              "h": 1.0,
                              "w": 1.0,
                              "cy": 240.0,
                              "fw": 480.0
                              }
                              ],
                   "name": "main"
                   }
                   ],
    "name": "Beach",
    "height": 640,
    "version": 2,
    "effects": [
                {
                "video": "main",
                "src": "",
                "eid": 1
                },
                {
                "filterName": "liyue",
                "src": "1",
                "eid": 2
                }
                ],
    "music": "music.mp3",
    "filters": [
                {
                "images": [
                           "color.png"
                           ],
                "fragment": "varying highp vec2 textureCoordinate;\n uniform sampler2D inputImageTexture;\n uniform sampler2D inputImageTexture2;\n \n void main()\n {\n     lowp vec4 textureColor = texture2D(inputImageTexture, textureCoordinate);\n     lowp float redCurveValue = texture2D(inputImageTexture2, vec2(textureColor.r, 0.0)).r;\n     lowp float greenCurveValue = texture2D(inputImageTexture2, vec2(textureColor.g, 0.0)).g;\n     lowp float blueCurveValue = texture2D(inputImageTexture2, vec2(textureColor.b, 0.0)).b;\n     \n     gl_FragColor = vec4(redCurveValue, greenCurveValue, blueCurveValue, textureColor.a);\n }",
                "name": "liyue"
                }
                ],
    "time": [
             0
             ]
}

