{
    "icon": "icon.png",
    "musicIcon": "icon_music.png",
    "width": 640,
    "musicName": "",
    "animations": [
                   {
                   "frames": [
                              {
                              "a": 0.0,
                              "fy": 0.0,
                              "fh": 480.0,
                              "track": "a",
                              "fx": 0.0,
                              "t": 0,
                              "x": 240.0,
                              "cx": 240.0,
                              "y": 240.0,
                              "h": 1.0,
                              "w": 1.0,
                              "cy": 240.0,
                              "fw": 480.0
                              },
                              {
                              "a": 0.0,
                              "fy": 0.0,
                              "fh": 480.0,
                              "track": "a",
                              "fx": 0.0,
                              "t": 449,
                              "x": 240.0,
                              "cx": 240.0,
                              "y": 240.0,
                              "h": 1.0,
                              "w": 1.0,
                              "cy": 240.0,
                              "fw": 480.0
                              }
                              ],
                   "name": "main"
                   }
                   ],
    "name": "Memory",
    "height": 640,
    "version": 2,
    "effects": [
                {
                "video": "main",
                "src": "",
                "eid": 1
                },
                {
                "filterName": "liyue",
                "src": "1",
                "eid": 2
                }
                ],
    "music": "music.mp3",
    "filters": [
                {
                "images": [
                           "color.png"
                           ],
                "fragment": "varying highp vec2 textureCoordinate;\n varying highp vec2 textureCoordinate2; // TODO: This is not used\n \n uniform sampler2D inputImageTexture;\n uniform sampler2D inputImageTexture2; // lookup texture\n\n void main()\n {\n     lowp float intensity = 1.0;\n     highp vec4 textureColor = texture2D(inputImageTexture, textureCoordinate);\n     \n     highp float blueColor = textureColor.b * 63.0;\n     \n     highp vec2 quad1;\n     quad1.y = floor(floor(blueColor) / 8.0);\n     quad1.x = floor(blueColor) - (quad1.y * 8.0);\n     \n     highp vec2 quad2;\n     quad2.y = floor(ceil(blueColor) / 8.0);\n     quad2.x = ceil(blueColor) - (quad2.y * 8.0);\n     \n     highp vec2 texPos1;\n     texPos1.x = (quad1.x * 0.125) + 0.5/512.0 + ((0.125 - 1.0/512.0) * textureColor.r);\n     texPos1.y = (quad1.y * 0.125) + 0.5/512.0 + ((0.125 - 1.0/512.0) * textureColor.g);\n     \n     highp vec2 texPos2;\n     texPos2.x = (quad2.x * 0.125) + 0.5/512.0 + ((0.125 - 1.0/512.0) * textureColor.r);\n     texPos2.y = (quad2.y * 0.125) + 0.5/512.0 + ((0.125 - 1.0/512.0) * textureColor.g);\n     \n     lowp vec4 newColor1 = texture2D(inputImageTexture2, texPos1);\n     lowp vec4 newColor2 = texture2D(inputImageTexture2, texPos2);\n     \n     lowp vec4 newColor = mix(newColor1, newColor2, fract(blueColor));\n     gl_FragColor = mix(textureColor, vec4(newColor.rgb, textureColor.w), intensity);\n }",
                "name": "liyue"
                }
                ],
    "time": [
             0
             ]
}


