{
    "id": 103,
    "previewPic": "",
    "previewMp4": "",
    "icon": "",
    "duration": 15,
    "name": "beautiful life",
    "nameEn": "beautiful life",
    "level": 1,
    "sort": 1,
    "createTime": "2019-03-19 14:21:21.0",
    "aspectList": [
        {
            "aspect": 1,
            "download": "",
            "path": "/beautiful life/folder1.1",
            "md5": ""
        },
        {
            "aspect": 2,
            "download": "",
            "path": "/beautiful life/folder4.3",
            "md5": ""
        },{
            "aspect": 3,
            "download": "",
            "path": "/beautiful life/folder9.16",
            "md5": ""
        },
        {
            "aspect": 3,
            "download": "",
            "path": "/beautiful life/folder16.9",
            "md5": ""
        }

    ]
}